Name,Game,Health,Gold,Bash,Dash,Push,Transmute,Scramble,Bombs,Keys,Random,Level Up,Reward,Description,Starting loadout,File,What it is there,Why it fits,Builds on,Needs,Source,Confidence,Status,Owner,Owner Notes,ID
Gunslinger,Caves of Qud,7,3,,2,,,,,,,Beat a game while having defeated enemies only with ranged attacks,Gain +1 Small Chest,"+2 Agility. Pistol, Steady Hand, Akimbo.",a Ranged weapon,Gunslinger,"A Mutant calling: +2 Agility, Pistol, Steady Hand, Akimbo.","A Mutant calling built on pistols and Agility. Dash is the closest verb to Agility, and a ranged-only win is a level-up any game with ranged attacks can host.","Dash, Ranged weapons",,https://wiki.cavesofqud.com/wiki/Callings,ok,to review,,,cha-caves-of-qud-gunslinger
Marauder,Caves of Qud,8,3,2,,,,,,,,Beat a game while only ever attacking up close,Gain +1 Small Chest,"+2 Strength. Axe, Dismember, Charge, Butchery.",a Melee weapon,Marauder,"A Mutant calling: +2 Strength, Axe, Dismember, Charge.","The axe calling: Strength, charging in and dismembering. Bash and the higher Health say brawler, and its level-up is the Gunslinger's opposite, so the two read as a pair from one game.","Bash, Melee weapons",,https://wiki.cavesofqud.com/wiki/Callings,ok,to review,,,cha-caves-of-qud-marauder
Water Merchant,Caves of Qud,6,6,,,,,,,,,Beat a game while having bought something from a shop,Gain +1 Small Chest,"+2 Ego. Short Blade, Snake Oiler. Starts with trade goods.",3 extra Gold,WaterMerchant,"A Mutant calling: +2 Ego, starts with trade goods and +200 with the water barons.","In Qud fresh water is the currency, and the Water Merchant starts rich in trade goods with +200 reputation with the water barons. Here that is extra Gold for less Health: a shop-led run.","Gold, shops",,https://wiki.cavesofqud.com/wiki/Callings,check,to review,,,cha-caves-of-qud-water-merchant
Tinker,Caves of Qud,7,3,,,,2,,,,,Beat a game while having crafted or upgraded an item,Gain +1 Random Sized Chest,"+2 Intelligence. Tinkering: Disassemble, Repair, Lay Mine, Tinker I. Begins with random artifacts and scrap.",1 random Trinket,Tinker,"A Mutant calling: +2 Intelligence, the tinkering tree, starts with artifacts and scrap.","The calling that takes things apart and builds new ones. Transmute is this game's turning-one-thing-into-another verb, and 'random artifacts and scrap' becomes a random trinket.","Transmute, trinkets",,https://wiki.cavesofqud.com/wiki/Callings,ok,to review,,,cha-caves-of-qud-tinker
Valkyrie,NetHack,9,3,2,0,0,0,0,0,0,0,Beat a game while having defeated a boss in close combat,Gain +1 Small Chest,"A cold-resistant, stealthy warrior with a long sword and a dagger. The easiest role in the game.",a Melee weapon,Valkyrie,"Human or dwarf, always female; starts with a +1 long sword, +0 dagger, small shield, cold resistance and stealth.","The role new players are told to start with: the highest Health of any character here, and a plain fighter's level-up.",,,https://nethackwiki.com/wiki/Valkyrie,ok,to review,,,cha-nethack-valkyrie
Wizard,NetHack,6,3,0,0,0,1,0,0,0,1,Beat a game while having defeated an enemy with a spell,Gain +1 Small Chest,"Frail, but starts with force bolt, a cloak of magic resistance, a random wand and three random scrolls.",1 random wand and 1 random scroll,Wizard,"Starts with a quarterstaff, cloak of magic resistance, a random wand, two random rings, potions, three random scrolls and the force bolt spellbook.",Low Health and a bag of unknown magic: Transmute and Random for a hero who changes things rather than hits them.,,,https://nethackwiki.com/wiki/Wizard,ok,to review,,,cha-nethack-wizard
Tourist,NetHack,5,9,0,1,0,0,0,0,0,0,Beat a game while having spent all your gold in it,Gain +1 Small Chest,"Starts with a lot of gold, a Hawaiian shirt and an expensive camera. Everyone overcharges them.",4 Scrolls of Magic Mapping,Tourist,"Starts with up to 1000 gold, darts, a Hawaiian shirt, an expensive camera, food and four scrolls of magic mapping; shopkeepers charge tourists more.","The joke role, and a real playstyle here: lowest Health, triple the Gold, a shop-led run. Its loadout is the Magic Mapping candidate, as in NetHack.",Scroll of Magic Mapping (candidate),,https://nethackwiki.com/wiki/Tourist,ok,to review,,,cha-nethack-tourist
Archeologist,NetHack,7,3,0,2,0,0,0,0,0,0,Beat a game while having found a secret area,Gain +1 Small Chest,"Fast, with a pick-axe, a bullwhip and a tinning kit; digs through anything.",Wand of Digging,Archeologist,"Starts fast with a pick-axe, a +2 bullwhip, a tinning kit and a touchstone; can dig through walls and floors from turn one.",Intrinsic speed and digging read as Dash; finding secrets is what an archeologist does in any game. The pick-axe becomes the Wand of Digging candidate.,Wand of Digging (candidate),,https://nethackwiki.com/wiki/Archeologist,ok,to review,,,cha-nethack-archeologist
Healer,NetHack,6,6,0,0,1,0,0,0,0,0,Beat a game while having healed someone other than yourself,Gain +1 Small Chest,"Starts rich, with a stethoscope, healing spells and a wand of sleep, but is weak in a fight.",Wand of Sleep,Healer,"Starts with 1001-2000 gold, a scalpel, a stethoscope, healing spellbooks, potions and a wand of sleep; poison resistant.","A support hero with money and no punch. Its loadout is the Wand of Sleep candidate, as in NetHack.",Wand of Sleep (candidate),,https://nethackwiki.com/wiki/Healer,ok,to review,,,cha-nethack-healer
Felid,Dungeon Crawl Stone Soup,5,3,0,2,0,0,0,0,0,0,Beat a game without equipping anything,Gain +1 Small Chest,"A cat: no armour, no weapons, very hard to hit, and nine lives.",N/A,Felid,"A small quadruped species that can't wear armour or wield weapons but evades well, and gains extra lives as it levels.",Crawl's most beloved species. The extra lives are the hook: a hero who dies and keeps going. Loot it can't carry suits a no-equipment level-up.,"cat tag (11 bodies, for flavour)",new: extra lives,http://crawl.chaosforge.org/Felid,ok,to review,,,cha-dungeon-crawl-stone-soup-felid
Minotaur,Dungeon Crawl Stone Soup,8,3,2,0,0,0,0,0,0,0,Beat a game while having countered an attack,Gain +1 Small Chest,"Horns, a headbutt counter-attack, and the strength of the classic Minotaur Berserker.",a Melee weapon,Minotaur,A strong melee species with horns; it counter-attacks with a headbutt when it dodges. 'MiBe' (Minotaur Berserker) is the standard beginner pick.,"The genre's favourite brute, and the counter-attack is a level-up any action game can host.",,,http://crawl.chaosforge.org/Minotaur,ok,to review,,,cha-dungeon-crawl-stone-soup-minotaur
Demigod,Dungeon Crawl Stone Soup,8,3,0,0,0,0,0,0,0,2,Beat a game without any help from a god,Gain +1 Small Chest,"Half divine, so no god will take them; gains attributes faster than anyone instead.",N/A,Demigod,A species that can't worship any god but gains four attribute points every three levels instead of two every six.,Zagreus levels up WITH a god's help; the Demigod is the opposite. Random suits divine attributes arriving unasked.,,,http://crawl.chaosforge.org/Demigod,ok,to review,,,cha-dungeon-crawl-stone-soup-demigod
Warrior,Diablo,8,3,2,0,0,0,0,0,0,0,Beat a game while having repaired a weapon or armour,Gain +1 Small Chest,"The fighter: the most Strength and Vitality, and can repair his own gear.",a Melee weapon,Warrior,"Diablo I's fighter class; his skill is Item Repair, which restores durability at a cost to maximum durability.",The plain brawler of the original trio; repairing gear is a thing most games with durability or upgrades let you do.,,,https://diablo.fandom.com/wiki/Warrior,ok,to review,,,cha-diablo-warrior
Rogue,Diablo,7,3,0,1,1,0,0,0,0,0,Beat a game while having disarmed a trap,Gain +1 Small Chest,"The archer: the most Dexterity, the only class good with a bow, and disarms traps.",a Ranged weapon,Rogue,"Diablo I's ranged class; her skill is Trap Disarm, and she uses bows better than anyone.",Trap disarming is the Rogue's own skill and a common roguelike action.,,,https://diablo.fandom.com/wiki/Rogue_(Diablo_I),ok,to review,,,cha-diablo-rogue
Sorcerer,Diablo,6,3,0,0,0,1,1,0,0,0,Beat a game while having recharged an item,Gain +1 Small Chest,"The caster: the most Magic and mana, and can recharge staves.",1 random wand,Sorcerer,Diablo I's spellcaster; his skill is Staff Recharge.,"Recharging is the Sorcerer's skill, and charges are already a system here (Charged items, wands).","charges, wands",,https://diablo.fandom.com/wiki/Sorcerer_(Diablo_I),ok,to review,,,cha-diablo-sorcerer
Willow,Don't Starve,7,3,0,0,0,0,0,2,0,0,Beat a game while having started a fire,Gain +1 Small Chest,A firestarter who carries a lighter and doesn't burn.,Hot Bombs,Willow,Obsessed with fire; starts with a Lighter and takes no damage from fire.,Fire is already a tile and a status here; Willow is the hero built on it.,"Fire tile, Burn, Hot Bombs",,https://dontstarve.wiki.gg/wiki/Willow,ok,to review,,,cha-don-t-starve-willow
Wolfgang,Don't Starve,9,3,2,0,0,0,0,0,0,0,Beat a game while having eaten 3 or more things,Gain +1 Small Chest,A strongman who is mighty when well fed and wimpy when hungry.,N/A,Wolfgang,"Gets stronger and bigger the fuller his hunger meter, and weaker when hungry.","The brute, with a level-up about food (the food family is the largest loot tag).",food tag,,https://dontstarve.wiki.gg/wiki/Wolfgang,ok,to review,,,cha-don-t-starve-wolfgang
Wendy,Don't Starve,6,3,0,0,1,0,0,0,0,1,Beat a game with a companion fighting beside you,Gain +1 Small Chest,Starts with Abigail's flower; her twin sister's ghost fights beside her.,N/A,Wendy,"Summons Abigail, her twin's ghost, who fights for her.",The companion hero; allies are among the most common goals in the research.,,new: an ally on the board,https://dontstarve.wiki.gg/wiki/Wendy,ok,to review,,,cha-don-t-starve-wendy
WX-78,Don't Starve,8,3,0,0,0,2,0,0,0,0,Beat a game while having upgraded yourself,Gain +1 Small Chest,"A robot who upgrades itself by eating gears, and hates all living things.",N/A,WX78,"An automaton that crafts circuits for quirks (originally, gained stats by eating gears).",Self-upgrade reads as Transmute; a robot hero for the robot tag's sake.,robot tag (5 bodies),,https://dontstarve.wiki.gg/wiki/WX-78,ok,to review,,,cha-don-t-starve-wx-78
Jester,Mewgenics,7,3,0,0,0,0,1,0,0,1,Beat a game while having rerolled a reward or a level-up,Gain +1 Small Chest,"The wild card: no stat bonuses, and abilities pulled at random from every other class.",N/A,Jester,An unlockable class whose ability pool draws from all the others; its only stat modifier is a Level Up Reroll.,Random and Scramble are the reroll verbs; the level-up is the Jester's one fixed trait.,,,https://mewgenics.wiki.gg/wiki/Jester,ok,to review,,,cha-mewgenics-jester
Thief,Mewgenics,6,4,0,2,0,0,0,0,0,0,Beat a game while having stolen something,Gain +1 Small Chest,"Fast and lucky: great movement, stealth, and a solid ranged attack.",N/A,Thief,Gains Speed and Luck (at the cost of Strength and Constitution); abilities for movement and staying stealthy.,"Speed reads as Dash, and stealing is something many games allow; the Theft ability is the enemies' version.",Theft ability,,https://mewgenics.wiki.gg/wiki/Thief,ok,to review,,,cha-mewgenics-thief
Necromancer,Mewgenics,8,3,0,0,1,0,0,0,0,1,Beat a game while having stolen health from an enemy,Gain +1 Small Chest,"Tough, and steals health from everything it hits with leeches.",N/A,Necromancer,"Gains Constitution and Charisma; every Necromancer can steal health from other units with leeches, which stack without limit.",Life steal is a hero trait nobody has here (King Leoric has it as an enemy).,gain_hp on hit,,https://mewgenics.wiki.gg/wiki/Necromancer,ok,to review,,,cha-mewgenics-necromancer
